,number of rows,f1_score
0,0.0,0.7234042553191489
1,5000.0,0.723526044647968
2,10000.0,0.7095851216022889
3,15000.0,0.7293430656934307
4,20000.0,0.7307242990654206
5,25000.0,0.7305213825424721
6,30000.0,0.730084622118471
7,35000.0,0.7305775432424509
8,40000.0,0.7308367466354593
9,45000.0,0.7297532656023223
10,50000.0,0.7320070216500877
11,55000.0,0.7284382284382285
