,number of rows,f1_score
0,0.0,0.7177896814209193
1,5000.0,0.7183811129848229
2,10000.0,0.7220646625070902
3,15000.0,0.722693831352575
4,20000.0,0.7173851789236405
5,25000.0,0.7189542483660132
6,30000.0,0.717557251908397
7,35000.0,0.7228983866402491
8,40000.0,0.7150932730356134
9,45000.0,0.7187412194436639
10,50000.0,0.7195259593679457
11,55000.0,0.7140833097194673
